{
    "AA": {
        "Left": {
            "alpha": {
                "Frontal": 0.0009616655129624712,
                "Occipital": 0.0015559189725077801,
                "Temporal": 0.0008489528148798533
            },
            "beta": {
                "Frontal": 0.0006936330266834981,
                "Occipital": 0.0006278728370579027,
                "Temporal": 0.0005673328715424442
            },
            "delta": {
                "Frontal": 0.002318253654305716,
                "Occipital": 0.0017990356244809809,
                "Temporal": 0.001530372494429205
            },
            "gamma": {
                "Frontal": 0.0007548754406889431,
                "Occipital": 0.0005840261721275627,
                "Temporal": 0.0006764233014795846
            },
            "theta": {
                "Frontal": 0.0009301539073976884,
                "Occipital": 0.0009197804892840392,
                "Temporal": 0.0007498274519299377
            }
        },
        "Right": {
            "alpha": {
                "Frontal": 0.0009563940012514188,
                "Occipital": 0.0016201699573405593,
                "Temporal": 0.0009533793075547862
            },
            "beta": {
                "Frontal": 0.0007358960086209893,
                "Occipital": 0.0007303668133560855,
                "Temporal": 0.0006539796549881313
            },
            "delta": {
                "Frontal": 0.002456724898849942,
                "Occipital": 0.001813045550260393,
                "Temporal": 0.001805775346655733
            },
            "gamma": {
                "Frontal": 0.0007525344380830959,
                "Occipital": 0.0006159928644385353,
                "Temporal": 0.0007276266400846362
            },
            "theta": {
                "Frontal": 0.000936145868256507,
                "Occipital": 0.0009820082277184124,
                "Temporal": 0.0007962080543712931
            }
        }
    },
    "IEA": {
        "Ext.": {
            "alpha": {
                "Central": 0.0024659539120787553,
                "Frontal": 0.0018745984892054534,
                "Occipital": 0.004054988864477043,
                "Parietal": 0.0035216329933383406
            },
            "beta": {
                "Central": 0.0007848928805756385,
                "Frontal": 0.0005815753918432928,
                "Occipital": 0.0010773564596480009,
                "Parietal": 0.0011279360469971579
            },
            "delta": {
                "Central": 0.005028983581740205,
                "Frontal": 0.006475650916329964,
                "Occipital": 0.010846943066407768,
                "Parietal": 0.006119456988015642
            },
            "gamma": {
                "Central": 0.0003164908145970024,
                "Frontal": 0.0002548309691589158,
                "Occipital": 0.0005811604411748774,
                "Parietal": 0.0005587121980109946
            },
            "theta": {
                "Central": 0.0025558918023641073,
                "Frontal": 0.002417048168229804,
                "Occipital": 0.004879467140534899,
                "Parietal": 0.0033224100358161656
            }
        },
        "Int.": {
            "alpha": {
                "Central": 0.0018180397942609728,
                "Frontal": 0.001354595974866274,
                "Occipital": 0.0023762879121181826,
                "Parietal": 0.002038156657575962
            },
            "beta": {
                "Central": 0.0009388230284451113,
                "Frontal": 0.000707158376958213,
                "Occipital": 0.0013403949088099097,
                "Parietal": 0.0012033532453251529
            },
            "delta": {
                "Central": 0.005469014577070809,
                "Frontal": 0.005655341087809045,
                "Occipital": 0.00839911080509837,
                "Parietal": 0.0058780882032582644
            },
            "gamma": {
                "Central": 0.0004447303505189959,
                "Frontal": 0.00035896764320341747,
                "Occipital": 0.0008035402716616941,
                "Parietal": 0.0007613118901674987
            },
            "theta": {
                "Central": 0.002980427010796375,
                "Frontal": 0.0025107699726259936,
                "Occipital": 0.004171095468775596,
                "Parietal": 0.0030567801591124717
            }
        }
    },
    "MI": {
        "Left": {
            "alpha": {
                "Frontal": 0.000402773799713007,
                "Motor": 0.0006301219854886332,
                "Parietal": 0.0005516151780152288
            },
            "beta": {
                "Frontal": 0.000185327790032387,
                "Motor": 0.00029379353724872623,
                "Parietal": 0.00021688301471990308
            },
            "delta": {
                "Frontal": 0.0011294595382958352,
                "Motor": 0.0010716345728584288,
                "Parietal": 0.0009032760697515692
            },
            "gamma": {
                "Frontal": 0.00010052276342479774,
                "Motor": 0.00013498211590770348,
                "Parietal": 0.00012802595431418853
            },
            "theta": {
                "Frontal": 0.0003579165038778733,
                "Motor": 0.000398251746110879,
                "Parietal": 0.00032960422362020677
            }
        },
        "Right": {
            "alpha": {
                "Frontal": 0.0002689238458942622,
                "Motor": 0.00049065743237997,
                "Parietal": 0.0003985345659893784
            },
            "beta": {
                "Frontal": 0.0001341393879515863,
                "Motor": 0.00023737416995630686,
                "Parietal": 0.00015123252846208752
            },
            "delta": {
                "Frontal": 0.0009116810965915532,
                "Motor": 0.0008942927213361446,
                "Parietal": 0.0007302838733041539
            },
            "gamma": {
                "Frontal": 7.585986738164704e-05,
                "Motor": 9.347413129925954e-05,
                "Parietal": 8.040294797002132e-05
            },
            "theta": {
                "Frontal": 0.00019977928611285018,
                "Motor": 0.00028129731764101854,
                "Parietal": 0.0002209258350172903
            }
        }
    }
}